,Hour of Day,,,,,,,,,,,,,,,,,,,,,,,
,2021,,,,,,,,,,,,,,,,,,,,,,,
,1,2,3,4,5,6,7,8,9,10,11,12,13,14,15,16,17,18,19,20,21,22,23,24
1/1/2021,6862,6338,6439,6575,7213,7959,8772,10572,11048,11706,11565,11287,10835,10379,10250,9876,9358,8616,8999,8018,7083,6700,7013,6605
1/2/2021,6715,6275,6612,6657,7677,8111,8683,10333,11218,11556,11220,10984,10250,10291,9884,9988,9611,8710,8418,7890,7383,6965,7313,6755
1/3/2021,6824,6316,6395,6398,7387,7600,8854,9827,10550,11008,10645,10429,9984,9655,9419,9068,8536,8029,7653,7047,6494,6282,6663,6279
1/4/2021,6329,5995,5802,6225,6925,7606,8883,9979,10157,11626,11467,11206,10966,10833,10557,10082,9605,8907,8253,7775,7433,6955,6881,6373
1/5/2021,6441,6339,6370,6594,7242,7877,9071,9897,10847,11322,11219,10891,10723,10324,10273,10033,9664,9129,8398,7959,7440,7118,7217,6854
1/6/2021,6726,6434,6353,6714,7419,8150,8931,9393,10501,11041,11264,11078,10969,10287,10054,9775,9118,8653,8063,7267,7031,6329,6307,5880
1/7/2021,5565,5148,5119,5016,5304,5636,6490,7869,8328,8706,8686,8835,8891,8742,8860,8498,8582,7917,8140,7532,7122,6321,6501,5871
1/8/2021,5870,5544,5701,5798,6215,7050,8167,9492,9639,9820,9262,8985,8669,8331,8293,8346,7980,7905,7818,7291,6920,6176,6025,5578
1/9/2021,5548,5415,5180,5476,5987,6523,7435,8672,8755,9284,8725,8630,8644,8318,8149,7993,7927,7928,7786,7340,6790,6469,6103,5720
1/10/2021,5647,5413,5418,5576,6152,6564,7183,8059,8082,8686,8248,8264,8012,7821,7606,7455,7299,7296,7016,6764,6385,6026,5794,5610
1/11/2021,5500,5345,5279,5423,6058,6540,7372,8832,9040,9645,9223,8992,8886,8502,8463,8173,8201,7740,8251,7565,7131,6494,6498,6051
1/12/2021,6110,5762,5705,5854,6444,6964,7974,9370,9521,9668,8872,8926,9198,8702,8893,8604,8720,8207,8032,7765,7197,6730,6575,6142
1/13/2021,6017,5721,5731,6020,6561,7113,7984,9548,9839,10401,9984,9513,9667,9141,9414,9068,8641,8076,8124,7748,7159,6678,6765,6320
1/14/2021,6245,5954,6094,6208,6937,7334,8145,9368,9895,10500,10296,9694,9431,8809,8753,8490,8221,8032,7090,6988,6469,6192,6500,5845
1/15/2021,5971,5859,5689,5949,6630,7089,8237,9931,10321,11152,11269,10840,10645,10293,10154,9976,9426,8639,8380,8002,7272,6785,7230,6697
1/16/2021,6546,6264,6422,6617,7291,7805,8956,10249,10738,11388,10922,10797,10487,10167,10189,9888,9454,8692,8418,7988,7309,6995,7106,6620
1/17/2021,6944,6421,6507,6618,7338,7849,8566,9671,9941,10706,10633,10412,10157,9853,9589,9306,8534,8046,7744,7446,6921,6655,6913,6411
1/18/2021,6503,6282,6197,6685,7264,7839,9022,10653,10906,11652,11494,11230,11174,10398,10427,10336,9697,8992,8674,7951,7578,7256,7461,7083
1/19/2021,7158,6605,6818,6857,7603,8308,9399,10481,11124,12072,11425,11516,11422,10754,10692,10885,10358,9596,8980,8521,7819,7292,7783,7358
1/20/2021,7190,6893,6813,7149,7757,8525,9659,11120,11427,12025,11439,11145,10876,10720,10620,10591,10012,9496,8990,8615,8195,7691,7935,7263
1/21/2021,7244,7032,6948,7225,7905,8580,9758,10612,10781,12076,11659,11663,10760,10618,10673,10440,10273,9662,9217,8774,8192,7748,8108,7590
1/22/2021,7582,7292,7283,7572,8200,8994,9690,9962,10674,12009,11591,11477,10988,10410,10879,10892,10641,9639,9359,8740,8375,7931,8171,7672
1/23/2021,7798,7207,7193,7501,8305,8945,9962,10937,11102,12286,12471,12123,12026,11306,11221,10650,9487,8979,9067,8575,8069,7694,8405,7780
1/24/2021,7604,7282,7117,7475,8019,8778,9445,10518,10736,11450,11103,10897,10639,10342,10181,9998,9582,8676,8109,7979,7441,7160,7487,6982
1/25/2021,6841,7051,6736,7035,7708,8550,9391,11069,11449,12151,11975,11795,11398,11057,11108,10941,10396,9536,9017,8408,8246,7662,8247,7668
1/26/2021,7662,7283,7238,7502,8310,8222,9050,10331,10669,11152,11330,10971,10865,10616,10158,9820,9702,9032,8153,7919,7338,7331,7593,7101
1/27/2021,7188,6813,6883,6919,8138,8694,9510,11182,11610,12257,12032,11737,11859,11143,11296,11160,10557,9910,9279,8781,7992,7756,8134,7863
1/28/2021,7499,7511,7263,7723,8434,8989,10033,11497,11780,12556,12104,11692,11717,11458,11305,10923,10499,9689,9171,8303,7955,7796,8236,7743
1/29/2021,7569,7431,7335,7563,8324,9176,10180,11695,12064,12795,12339,12130,11781,11411,11121,11156,10823,10041,9317,8674,8139,7798,8294,7708
1/30/2021,7884,7421,7444,7789,8456,9209,10146,11263,11716,12474,12268,12313,11563,11157,11490,11278,10859,9785,9520,8941,8218,8059,8525,7947
1/31/2021,7937,7746,7401,7708,8357,8862,9275,10354,10671,11907,11360,11437,11109,10980,10629,10348,9981,9026,8242,7980,7582,7429,7744,7427
,,,,,,,,,,,,,,,,,,,,,,,,
2/1/2021,7388,6918,7186,7347,8099,8669,9787,11261,11588,12297,12031,12127,11727,11449,11389,11255,10353,9807,9090,8821,8104,7770,7917,7921
2/2/2021,7690,7413,7331,7528,8376,9137,10016,11622,11854,12511,12099,11902,11850,11251,11321,11520,10762,10050,9244,8695,8121,7840,8108,7657
2/3/2021,7663,7757,7343,7729,8393,9019,10018,11517,11895,12699,12309,12130,11805,11452,11669,11447,10892,10218,9390,8863,7947,7985,8025,7798
2/4/2021,7656,7539,7481,7631,8602,9101,10190,11681,11833,12536,12056,12009,12012,11312,11298,11416,11009,10115,9134,8832,8130,8191,8323,7686
2/5/2021,7845,7454,7480,7673,8646,9199,10400,11950,12050,12819,12597,12279,12111,11502,11425,11064,10823,10018,9384,8850,8397,7933,8410,7858
2/6/2021,7925,7645,7686,7702,8859,9302,10224,11063,11714,12808,12549,12296,11733,11573,11521,11259,10841,9403,9314,8991,8169,8075,8521,8120
2/7/2021,8101,7872,7805,8323,8801,9179,9841,11117,10894,11610,10963,10800,10577,10724,10046,9954,9382,8767,8312,8107,7631,7233,7807,7368
2/8/2021,7396,7166,7059,7186,8152,8672,9826,11283,11441,11063,11528,11437,11124,11230,11151,10949,10828,9669,9287,9226,8429,8171,8434,8092
2/9/2021,7966,7606,7549,7794,8507,9253,10293,11751,11875,12514,12325,12141,11900,11303,11671,11308,11001,10228,9490,9151,8443,8073,8353,7772
2/10/2021,7935,7736,7709,8031,8720,9392,10170,11676,11753,12803,12194,12010,12124,11607,11500,11551,11223,9802,9333,9090,8298,8180,8432,8404
2/11/2021,8043,7791,7640,8114,8772,9578,10230,11149,11986,12857,12349,12213,11821,11503,11565,11350,10899,10187,9509,9070,8180,8086,8477,7922
2/12/2021,7866,7596,7355,7624,8801,9353,10497,11778,12079,12514,12783,12470,12106,11491,11604,12037,11459,10524,9474,9004,8268,8402,8486,8046
2/13/2021,8134,7603,7537,7876,8792,9364,10411,11814,12041,12805,12495,12435,12167,11868,11649,11627,11186,10398,9422,9006,8389,8173,8687,8085
2/14/2021,8120,7933,7863,7945,8604,9390,9890,11061,11470,12306,12179,11691,11605,11251,10960,10728,10363,9107,8819,8378,7764,7725,8179,7824
2/15/2021,7818,7511,7501,7688,8672,9343,10069,11513,11789,12958,13099,12602,12194,11896,11995,11475,11292,10154,9583,9206,8667,8435,8964,8897
2/16/2021,8387,7993,7839,8261,8975,9674,10676,11796,12035,12918,12597,12453,12455,12099,12396,12284,11492,10050,9431,9070,8101,8325,8894,8411
2/17/2021,8416,8024,8018,8181,9180,9847,10924,12089,12125,12879,12757,12566,12410,11951,11884,11677,11262,10495,9628,9228,8572,8437,8966,8362
2/18/2021,8414,7859,7888,8178,8946,9855,10871,12261,12220,13432,12900,12460,12416,12189,11976,11751,11155,10371,9323,8678,8072,7906,7804,7153
2/19/2021,7454,6982,7190,7080,8003,8610,9460,11127,11170,11882,11829,11624,11465,10834,10976,10911,10109,8587,7993,7984,7392,7197,7537,6672
2/20/2021,6639,6265,6169,6511,6868,7670,8882,10143,10658,11177,10960,10937,11054,10403,10513,10220,9012,8460,8376,8217,7537,7286,7300,7015
2/21/2021,7043,6723,6545,6636,6910,7617,8082,9517,9706,10110,10067,9512,9465,9055,8673,8193,7912,7209,7314,7074,6738,6509,6338,5828
2/22/2021,5742,5449,5422,5558,6464,6779,8304,9757,9738,10240,10325,10148,10231,9620,9743,9601,8961,8409,8312,7975,7594,6868,7120,6389
2/23/2021,6455,6115,6141,6251,6816,7356,8594,9743,10016,10636,10352,10248,10334,9894,9932,9722,9391,8845,8764,8407,7984,7660,7621,7185
2/24/2021,6929,6843,6607,6872,7292,7764,9193,10545,10732,11438,10973,10952,10868,10166,10283,10152,9770,8883,8933,8769,8289,7605,7930,7427
2/25/2021,7555,7203,6837,7272,7837,8544,9717,10653,11330,12022,11820,11613,11360,10605,10743,10250,9941,9416,9371,9016,8499,8158,8450,7979
2/26/2021,7759,7590,7360,7603,8372,9153,10121,11562,11579,12503,12056,12114,11912,11265,11344,11094,10490,9884,9413,9176,8807,8459,8796,8104
2/27/2021,8122,7826,7561,7846,8411,9021,9843,11353,11534,12403,12262,11535,11922,11593,11711,11603,10948,10056,9497,9346,9200,8510,8772,8162
2/28/2021,8200,7987,7844,8004,8713,8999,9587,10584,10923,12085,11936,11375,11014,10851,10644,10552,9994,9093,8680,8420,7838,7930,8530,7946
,,,,,,,,,,,,,,,,,,,,,,,,
3/1/2021,8191,7510,7490,7826,8381,9056,10179,11378,11455,12718,12077,11871,12135,11699,11831,11919,11323,10513,9687,9403,9086,8827,9082,8595
3/2/2021,8511,8187,8186,8490,9292,9792,10156,11383,12095,12989,12905,12925,12633,12139,12109,12074,11380,10286,9899,9493,9005,9127,9381,8795
3/3/2021,8699,8660,8399,8576,9186,10014,10671,11473,11821,13077,12912,11844,10865,10877,10842,11110,10963,10252,9966,9659,8871,8788,9417,8557
3/4/2021,8474,8016,8182,8612,9210,9804,10989,12099,12112,13231,12131,11823,11434,10968,11631,11719,11376,10594,10225,9707,9182,9113,9445,8849
3/5/2021,8872,8421,8395,8868,9776,10337,11319,12324,12385,13349,13039,12498,12573,12096,12216,12168,11605,9983,10135,10037,9239,9225,9597,8606
3/6/2021,9037,8606,8567,8784,9654,10242,10600,11154,12144,13188,12864,12681,12820,12371,12501,12324,11465,10018,9728,9685,9131,9793,10202,9470
3/7/2021,9321,8897,8485,9199,9999,9862,10200,10712,11574,12404,12073,12035,11769,11453,11116,10913,10343,9718,9130,9123,8669,8550,9331,8827
3/8/2021,8979,8430,8350,8614,9534,10238,10862,11809,12526,13073,12909,13004,12884,12242,12847,12356,11586,9334,10149,9893,9715,9404,9776,9375
3/9/2021,9293,9052,9018,9242,9962,10183,11580,12600,12401,13366,13036,13072,12848,12446,12480,12519,11798,10953,10312,10091,9224,9704,9841,9218
3/10/2021,9354,8935,8671,9175,9805,10463,10924,11731,12183,13650,13323,13311,13077,12831,12856,12621,11655,10742,10509,9955,9583,9459,10280,9667
3/11/2021,9442,9230,9054,9230,10120,10639,11160,11740,12456,13837,13716,13584,13180,12679,12864,12486,12166,10580,9982,9703,9170,9190,10165,9286
3/12/2021,9342,9089,8906,9185,9735,10368,10064,10736,12430,13620,13431,13409,13271,12766,12485,12499,12237,10715,10288,9811,9306,9344,9841,9287
3/13/2021,9342,9089,8906,9185,9855,10377,11283,12101,12168,13315,13184,13060,12926,12548,12649,12310,11681,10219,9971,9665,9181,9239,9709,9248
3/14/2021,9217,8677,8638,8933,9699,10040,10772,11505,11489,12230,11618,11450,11997,11838,11556,11321,10858,10002,9269,9194,8624,8804,9496,8896
3/15/2021,9062,8676,8493,8797,9476,10176,11341,11694,12483,13176,13395,12917,12922,12785,12850,12462,11984,10775,10289,9945,9425,9364,9791,9447
3/16/2021,9062,8676,8493,8797,9476,10176,11341,11694,12483,13176,13395,12917,12922,12785,12850,12462,11984,10775,10289,9945,9425,9364,9791,9447
3/17/2021,9564,9415,9119,9414,9976,10565,10837,10949,11812,13606,13528,13179,13081,12920,13008,12611,11494,10382,10030,10023,9840,9622,10004,10500
3/18/2021,9850,9534,9275,9557,10007,9899,10385,10610,11400,13679,13356,13141,13168,13043,13089,12871,11047,10003,10298,9710,9633,9429,10098,10125
3/19/2021,9953,9572,9435,9694,9474,9659,9690,10655,11262,12690,14004,13719,13926,13032,13251,13075,11208,10447,10321,9772,9601,9331,10037,9702
3/20/2021,10059,9425,9461,9293,8397,8523,9617,10295,10607,12675,13390,14001,13594,13358,13354,13051,10932,9613,10407,10168,9795,9267,10363,10271
3/21/2021,10629,10065,9937,9723,8861,9256,9629,10283,10971,12757,12940,12840,12343,12329,12020,11109,10280,9229,9198,9120,8600,8818,9688,9309
3/22/2021,10019,9587,9364,9571,8776,9235,9607,10602,10951,13390,13632,13805,13726,13297,13343,12478,10896,9894,10280,9854,9643,9933,10228,10227
3/23/2021,10651,10235,10143,9602,9279,9456,10016,10691,11594,13663,14076,13799,13528,13219,13002,12505,10987,9771,9855,9934,9885,9710,10156,10631
3/24/2021,10892,10215,10056,9723,9379,9715,10451,10899,11642,13935,14179,13866,13731,13722,13536,12985,10949,9902,10449,10047,9489,9975,10546,9957
3/25/2021,10296,9836,9572,9701,10219,10512,10885,11175,11679,13882,13981,13369,13543,13124,13005,12614,10959,10530,10689,10505,10142,9924,10813,9839
3/26/2021,10059,9615,9723,9656,10207,10283,10525,11150,11651,13701,14367,13884,13469,12897,13270,13190,12234,11114,10792,10653,10106,10011,10290,10317
3/27/2021,10370,9777,9868,9827,10461,10824,10644,11259,11881,13660,13811,13869,13532,13395,13436,13442,12316,10879,10679,10567,9999,10180,10587,10200
3/28/2021,10488,9728,9655,9922,10590,10918,10842,11213,11583,13059,13264,13070,13104,12512,12590,11833,10704,9623,9502,9392,8714,9047,9512,9369
3/29/2021,9403,8848,8873,9039,9750,10007,10536,11284,11471,13154,13569,13635,13017,13100,12818,12915,11195,10238,10099,9901,9441,9320,10051,9479
3/30/2021,9523,9210,8918,9072,9876,10046,10776,11405,11808,12941,13078,12871,12876,12851,12860,12834,12088,10987,10586,10572,9881,10004,10767,10073
3/31/2021,9769,9201,9377,9584,10288,10570,11116,11676,12290,13810,13948,13756,13534,13038,13116,13139,11868,10763,10291,10210,9949,9564,10217,9777
,,,,,,,,,,,,,,,,,,,,,,,,
4/1/2021,10345,9759,9312,9679,10036,10577,11185,11979,12185,13752,13813,13318,13247,13099,13169,12736,11972,10913,10484,10428,9818,10043,10564,10165
4/2/2021,10044,9538,9431,9488,10256,10649,11359,11827,12435,13841,13898,13746,13946,13566,13153,13282,12457,10899,10565,10340,9922,10129,10797,10054
4/3/2021,10349,9787,9847,9901,10218,10626,11300,12055,12249,13751,13707,13975,13542,13307,13327,13091,11719,10748,10617,10378,9909,10004,10785,10121
4/4/2021,10137,9736,9718,9743,10466,10626,11249,11751,12056,13157,13045,13090,12894,12649,12418,12200,11337,10336,10020,9897,9542,9694,10217,9745
4/5/2021,9912,9558,9522,9805,10287,10687,11373,12263,12944,13842,13686,13371,13468,13205,13133,12655,11782,10405,10468,10320,9872,10226,10911,10516
4/6/2021,10610,10351,10142,10181,10007,10268,10726,10825,12329,13845,14010,13679,13757,13244,13295,13233,12324,10929,10882,10670,10213,10221,11137,10462
4/7/2021,10618,10295,10006,10270,10104,10595,10845,11482,12676,13969,13957,13784,13536,13151,13265,13109,11704,10426,10896,10752,10095,9901,9654,9158
4/8/2021,9441,9593,9240,9299,9684,9915,11035,11700,12684,13986,14158,13891,13768,13721,13921,13280,11954,11149,10902,10520,10015,9897,10835,10090
4/9/2021,9796,9335,9256,9218,9656,10018,10914,11352,13047,13985,14070,13826,13971,13655,13522,12235,11168,10767,10548,10341,10014,10041,10661,10331
4/10/2021,10201,10049,9958,10249,10126,10373,11054,11577,12034,13320,13345,13175,13279,13092,13133,12845,11979,10608,10472,10072,9663,10022,10694,10304
4/11/2021,10676,10162,9835,10019,10311,10385,11087,11526,11514,12984,13216,12764,12523,12455,12249,11651,10687,9260,9440,9196,8881,8805,9606,9369
4/12/2021,9586,9223,9143,9404,9799,9839,10238,11168,11691,13053,13544,13255,13162,12949,12805,12461,11265,10171,9865,9429,9098,9441,9929,9395
4/13/2021,9486,8942,8981,9130,9589,9739,10280,10628,10944,12240,12487,12247,11978,11673,11566,11235,10144,8425,8571,8654,8404,8688,9028,8542
4/14/2021,8667,8355,8362,8210,8710,8782,9412,10076,10511,11855,12291,12380,12651,11828,11408,10447,9600,8866,8122,8142,7513,7712,7986,7488
4/15/2021,7295,6844,6650,6526,6706,7043,7996,8896,9282,10602,11140,11238,11325,11419,11416,11244,10478,9356,9130,9255,8688,8365,8890,8418
4/16/2021,8355,7927,7882,7972,8174,8637,9563,9988,10363,11683,11710,11621,11527,11179,11452,11149,10879,9486,9683,9391,8925,8738,9159,8597
4/17/2021,8627,8289,8086,8539,8575,8841,9699,10359,10832,11950,12107,11996,11835,11631,11564,11179,10080,9627,9867,9648,9235,9159,9812,9296
4/18/2021,9184,8823,8708,8848,9130,9334,9722,10090,10073,10991,11054,11115,10858,10838,10519,10310,9423,8549,8391,8230,7846,7946,8787,8115
4/19/2021,8291,7956,7893,8126,8360,8797,9640,10392,10804,11982,12118,12118,11843,11709,11798,11501,10888,9710,9765,9672,9163,9151,9634,9285
4/20/2021,9171,8791,8746,8804,9039,9148,9912,10302,10646,11678,11688,11648,11587,11401,11252,10952,10287,8750,9375,9195,8598,8831,9409,9009
4/21/2021,8863,8364,8311,8575,8670,9219,9982,10713,10995,11766,11880,11633,11650,11410,11494,10917,9893,9265,9500,9454,8722,8838,9335,8604
4/22/2021,8555,8328,8150,8166,8367,8701,9613,10047,10554,11655,11495,11582,11454,11233,11146,11072,10460,9023,8817,8836,8113,7797,8047,7503
4/23/2021,7473,7268,7140,7085,7277,7510,8742,9180,9796,10811,10916,11080,10936,10629,10556,9914,9543,8207,7862,8029,7846,7871,7785,7604
4/24/2021,7270,6973,6849,6961,7095,7325,7951,8514,8800,9607,9898,9751,9973,9940,9746,9401,8547,7867,7986,8186,7858,8033,8220,7796
4/25/2021,7689,7513,7422,7576,7618,7889,8391,8620,8779,9792,9951,9841,9980,9457,9294,8946,7995,7475,7614,7915,7522,7437,7935,7564
4/26/2021,7450,7235,7131,7056,7512,7865,8678,9550,10091,10786,10843,11007,10611,10383,10578,10254,9451,8426,8799,8809,8207,8208,8482,8169
4/27/2021,8235,7838,7767,7870,8054,8280,9144,9995,10163,11046,11049,11184,10878,10820,10653,10479,9737,8922,9069,8988,8444,8372,8103,7913
4/28/2021,7822,7449,7509,7867,7890,8372,9086,9600,10065,11197,11042,11188,10966,10560,10818,10426,9796,9060,9141,9096,8630,8702,9247,8709
4/29/2021,9046,8583,8446,8535,8477,8969,9880,10577,10606,11645,11810,11771,11549,11318,10970,10293,9108,7550,7466,7386,6865,6902,7184,6766
4/30/2021,6764,6436,6446,6811,7080,7479,8059,8730,9219,10024,10252,10485,10686,10596,10438,10463,9911,9082,8981,8796,8540,8345,8590,8209
,,,,,,,,,,,,,,,,,,,,,,,,
5/1/2021,8352,7955,7656,7808,8023,8324,8515,9330,9187,10016,9942,9857,9762,9711,9279,8583,7926,7302,7277,7578,7055,7531,7763,7506
5/2/2021,7769,7307,7141,7335,7602,7876,8329,8845,9057,9564,9582,9852,9728,9685,9354,8976,8287,7691,7512,7816,7357,7425,7846,7608
5/3/2021,7888,7421,7252,7438,7632,7983,8810,9330,9578,10499,10501,10493,10429,10235,10120,9892,9201,8533,8243,8204,7970,8123,8065,8016
5/4/2021,7971,7756,7685,7840,7924,8427,9255,9631,9973,10722,10741,10829,10675,10677,10208,9555,8909,7912,8144,8090,7979,8218,8254,7881
5/5/2021,7846,7599,7547,7798,7727,8150,8700,9263,9511,10411,10411,10630,10609,10251,10203,9934,9091,7832,7784,7828,7576,7705,7625,7428
5/6/2021,7415,7368,7205,7205,7431,7856,8571,9004,9168,9739,10158,10267,10238,10204,10237,10262,9249,8428,8448,8147,8163,8294,8538,8235
5/7/2021,7321,7249,7119,7080,7422,7633,8812,9251,9636,10242,10566,10665,10490,10219,9917,9623,8903,7880,7374,8163,7802,7128,7564,7585
5/8/2021,7321,7249,7119,7080,7422,7633,8219,8798,9087,9700,9975,9849,9792,9552,9655,9271,8949,8138,8187,8236,7906,8065,8489,8101
5/9/2021,7749,7693,7282,7503,7611,7792,8179,8782,8797,9460,9795,9701,9583,9308,9128,8591,8203,7449,7608,7665,7409,7782,7990,7686
5/10/2021,7558,7207,7177,7071,7471,7693,8318,8898,9096,9961,10084,10296,9934,9547,9168,8754,8138,7432,7598,7268,7039,7042,7421,7014
5/11/2021,7030,6713,6535,6647,6879,7486,7663,8437,8809,9556,9631,9665,9734,9554,9195,8748,8064,7334,7500,7406,7056,7078,7324,7192
5/12/2021,7201,6897,6756,6865,7091,7452,7870,8448,8459,9117,9134,9197,9480,9318,9328,9252,8756,7344,7463,7243,6608,6651,6732,6672
5/13/2021,6616,6373,6336,6380,6541,7179,7620,8119,8550,8576,9277,9404,9381,9359,9123,8451,7635,7024,7599,7489,7076,6983,6952,6872
5/14/2021,6832,6396,6410,6595,6968,7182,8024,8429,8518,9246,9151,8948,8858,8494,8320,7786,7390,7055,7181,7265,7005,6998,7078,6686
5/15/2021,6559,6257,6092,6313,6446,6732,7249,7593,7659,8054,7696,7393,7332,6960,6862,6748,6164,6043,6088,6461,6150,5993,6009,5765
5/16/2021,5730,5626,5495,5352,5415,5689,5876,6203,6534,6542,6373,6518,6274,6262,6322,6294,6169,6042,6474,6592,6470,6235,6042,5776
5/17/2021,5777,5414,5504,5548,5844,6176,6840,7712,7842,8413,7957,8105,8248,8006,8045,7860,7390,6940,7274,7433,6912,6900,6782,6544
5/18/2021,6442,6314,6019,6249,6588,6861,7533,8331,8433,8944,8684,8671,8639,8399,7893,7481,7042,6683,6743,7262,6862,6914,6997,6736
5/19/2021,6553,6226,6349,6337,6392,6833,7696,8286,8634,9077,9089,8928,8841,8736,8286,8049,7236,6607,6820,6777,6813,6574,6934,6507
5/20/2021,6624,6326,6344,6331,6709,7024,7761,8273,8376,8937,8817,8942,8829,8699,8635,8116,7442,6986,7324,7365,6776,6768,6930,6646
5/21/2021,6627,6526,6386,6463,6598,7052,7882,8545,8865,9234,9153,9136,8824,8512,8023,7671,6998,6312,6960,6844,6546,6371,6343,6182
5/22/2021,6129,5875,5849,5880,6127,6447,7106,7669,7842,8405,8266,8380,8239,8127,8011,7848,7297,6942,7304,7246,6892,6456,6866,6314
5/23/2021,6319,6073,6237,6030,6449,6397,7276,7766,7693,8177,8411,8309,8385,8254,8004,7668,7033,6263,6693,6715,6424,6324,6254,5850
5/24/2021,6082,5888,6007,6169,6517,6869,7426,8128,8472,9117,8873,8825,8613,8491,8534,8241,7629,7043,7036,7250,7011,7015,6885,6560
5/25/2021,6620,6392,6174,6329,6252,6966,7786,8236,8486,9146,9233,9094,8852,8546,8508,7674,7334,6762,6732,7024,6360,6499,6553,6117
5/26/2021,6175,5933,5908,6082,6273,6674,6751,7493,7976,7898,8215,8597,8308,8543,8217,8267,7709,7140,6959,7157,6784,6692,6792,6527
5/27/2021,6503,6204,6140,6288,6583,6956,7782,8164,8273,8405,8460,8414,8276,8256,8196,7862,7686,7194,7379,7736,7321,7344,7594,7156
5/28/2021,6977,6734,6606,6649,7107,7504,8440,9111,9239,9785,9619,9658,9625,9243,9314,8909,8192,7465,7526,7535,7298,6956,7279,7107
5/29/2021,6996,6791,6520,6874,7149,7537,7812,8618,9526,10437,10460,10291,9889,9712,9469,8747,8022,7073,7321,7685,7286,7264,7632,7327
5/30/2021,6943,6866,6851,6842,6746,7146,7815,8805,9085,9789,10127,10048,9732,9478,9015,8600,8105,7304,7270,7338,7026,7067,7399,7072
5/31/2021,7125,6696,6853,6987,7647,8078,8993,9840,9938,10707,10453,10481,10690,10274,9816,9452,8697,7883,7708,7943,7390,7352,7716,7637
,,,,,,,,,,,,,,,,,,,,,,,,
6/1/2021,7646,7373,7367,7527,8150,8471,9304,9637,10235,10860,10621,10550,10344,10142,10123,9660,9040,7989,7734,7665,7449,7303,7588,7393
6/2/2021,7369,7082,7245,7267,7928,8461,9384,10142,10403,11174,11151,11106,10643,10364,10221,9392,8790,7910,7656,7745,7160,7184,7202,6766
6/3/2021,6567,6062,5812,6108,6177,6637,7390,7710,8203,8814,8909,9188,9308,8923,8864,8541,7850,7066,7063,7032,6489,6108,5937,5540
6/4/2021,5518,5392,5320,5294,5650,6076,6850,7415,7704,8017,8097,8090,8109,8021,7968,7204,6722,6245,6165,6433,6359,5773,5840,5499
6/5/2021,5413,5289,5147,4987,5330,5737,6743,7127,7381,7650,7431,7364,7446,7185,6967,6470,6335,5891,6172,6400,6133,5798,5710,5436
6/6/2021,5421,5177,5166,5147,5520,5831,6320,6688,6662,6916,6813,6716,6591,6501,6246,5910,6084,5982,6183,6335,6191,5897,5549,5291
6/7/2021,5317,5110,5152,5046,5589,6112,6677,7508,7632,7906,7844,7880,7656,7544,7543,7451,7119,6797,6945,7205,6919,6565,6515,6098
6/8/2021,6205,5858,5830,5967,6262,7047,7670,8263,8307,8706,8349,8203,8247,8296,8105,7824,7584,7088,7137,7159,7007,6763,6779,6372
6/9/2021,6152,6001,5987,5951,6427,7051,8035,8534,8799,9143,8787,8855,8633,8272,8432,8114,7703,6870,7023,7068,6821,6572,6631,6423
6/10/2021,6291,5905,5934,5995,6551,6952,8241,8636,8782,9301,9023,8617,8635,8477,8487,8049,7791,7264,7226,7274,6973,6796,6844,6440
6/11/2021,6513,6095,6094,6153,6563,7151,8348,9139,9087,9345,9685,9326,9082,8676,8237,8147,6532,6901,7389,7219,7049,7073,6803,6567
6/12/2021,6735,6474,6288,6391,6876,7245,8300,8982,9224,9691,9480,9117,8551,8396,8108,7867,7421,6540,6724,6805,6441,6225,6397,6122
6/13/2021,6171,5990,5761,6016,6317,6738,7509,7810,7843,8280,8198,8004,7772,7567,7152,6959,6668,6197,6356,6539,6208,5865,5924,5621
6/14/2021,5679,5323,5338,5432,5983,6733,7683,8585,8907,9244,8748,8558,8074,7844,7712,7442,6954,6717,6989,6890,6537,6130,6233,5757
6/15/2021,5996,5604,5730,5708,6057,6601,7556,8365,8677,8958,8832,8386,8005,7814,7696,7194,6956,6576,6829,6824,6581,6457,6301,5868
6/16/2021,5882,5535,5296,5582,5913,6433,7130,7692,7589,8091,7856,7594,7783,7230,7081,6792,6758,6666,6819,6744,6491,6079,5918,5603
6/17/2021,5557,5306,5190,5184,5407,6005,6888,7672,7791,8077,7715,7688,7265,7010,6681,6554,6820,6508,6750,7008,6624,6278,6335,5916
6/18/2021,5898,5708,5592,5534,6456,6530,7135,7812,8210,8557,8671,7816,7679,7297,7261,7320,6887,6438,6502,6840,6414,6296,6131,5774
6/19/2021,5881,5538,5488,5569,5869,6396,7444,8128,8391,8637,8259,7932,7533,7217,7224,7014,6767,6286,6561,6714,6311,6054,6158,5911
6/20/2021,5881,5538,5488,5569,5869,6396,7084,7510,7497,8089,7973,7682,7401,7078,6984,6813,6792,6052,6186,6558,6378,6107,6140,6314
6/21/2021,4544,4298,5818,5841,6372,6945,7639,8318,8830,9453,9478,9213,8656,8368,8536,8346,7861,7104,6894,7052,6724,6540,6488,6057
6/22/2021,6331,6384,6447,6374,6865,6826,7222,7647,8356,10097,9838,9972,9777,9567,9225,8808,8248,7356,7141,7311,6943,6938,7079,6871
6/23/2021,6794,6519,6575,6593,7094,7271,7843,8793,9911,10648,10518,10265,9855,9786,9535,9202,8119,7410,7735,7630,7214,7082,7587,7034
6/24/2021,6995,6768,6636,6603,7382,8006,8847,9398,10130,10657,10384,10097,9943,9508,9238,8991,8254,7351,7388,7323,7074,7018,7248,6793
6/25/2021,6895,6620,6284,6558,7270,7798,8998,9823,9835,9922,9243,9100,8974,9734,9620,8953,8519,7616,7782,7702,7440,7285,7619,7129
6/26/2021,7223,6990,7060,6961,7679,8449,9063,9376,9807,10925,10724,10253,10262,9639,9428,8631,7977,7263,7244,6919,6700,6663,6474,6184
6/27/2021,6159,5913,5772,5888,6238,6712,7172,7677,8351,8500,8392,8235,7988,7700,7319,7071,6831,6349,6369,6466,6337,6256,6391,6381
6/28/2021,6015,6096,5632,5927,6272,6934,8191,9217,9426,10093,9673,9562,9447,8620,8880,8478,8224,7552,7149,7335,7153,6737,7036,6556
6/29/2021,6782,6570,6604,6724,7242,7753,9130,9948,10117,10660,10520,10191,9953,9679,9810,9283,8904,7759,7649,7820,7551,7258,7642,7175
6/30/2021,7219,6960,6896,6905,7667,8344,8942,9801,10015,11071,10906,10949,10547,10388,10111,9775,9271,8360,8095,8221,7748,7824,8043,7480
,,,,,,,,,,,,,,,,,,,,,,,,
7/1/2021,7685,7265,7282,7532,8113,8319,9229,10052,10760,11305,10868,11040,10945,10720,10650,10162,9255,8146,7787,7746,7356,7629,7944,7323
7/2/2021,7356,7089,7065,7340,8045,8590,9682,10496,10771,11408,11334,11217,10597,10133,10132,9702,9122,8359,8266,8200,7796,7663,7822,7602
7/3/2021,7862,7438,7584,7338,8117,8427,8855,9680,10183,11172,10980,10949,10431,10165,9944,9506,8943,7955,7432,7573,7692,7873,8189,7639
7/4/2021,7642,7325,7293,7452,8094,8571,9287,9696,9612,10523,10345,10181,10095,9737,9370,8849,7938,7125,7143,7259,6877,6574,6767,6354
7/5/2021,5590,5897,5921,5921,6430,7203,7953,9053,9522,10182,10062,10168,9861,9630,9988,9426,8935,8260,8329,8057,7662,7557,7880,7378
7/6/2021,7110,6661,6675,6731,7033,7456,8983,9642,9873,10017,9858,10388,9789,9712,9499,9148,8613,8097,8014,7979,7624,7318,7290,7119
7/7/2021,6805,6653,6417,6375,6975,7501,8543,9197,9351,9793,9785,9854,9407,9213,9096,8889,8332,7722,7848,7691,7271,7004,7110,6652
7/8/2021,6599,6298,6273,6589,6593,7290,8469,9298,9719,9998,9552,9713,9329,9081,8957,8897,8511,7943,7734,7635,7357,7086,7239,6778
7/9/2021,6808,6432,6336,6357,6783,7465,8600,9476,9486,9578,9957,9513,8863,8576,8391,8234,7662,7247,7169,7077,6887,6292,6333,5952
7/10/2021,5975,5774,5887,5918,6221,6480,7525,7995,8488,8893,8754,8685,8436,8348,7939,7814,7443,7212,7068,6993,6406,6098,6396,5973
7/11/2021,5709,5687,5559,5611,5964,6431,7095,7722,7797,8143,7801,7429,7426,7231,6939,6465,6195,5903,6310,6485,6097,5734,5834,5512
7/12/2021,5458,5215,5094,5258,5664,6445,7520,8338,8525,8598,8093,8354,7985,7590,7594,7236,7287,7175,7344,7408,6880,6366,6119,5878
7/13/2021,5805,5713,5518,5666,5934,6533,7438,8319,8472,8687,8067,8037,7639,7210,7542,7275,7291,6945,7221,7206,6713,6335,6087,5690
7/14/2021,5611,5362,5308,5352,5736,6176,7079,7922,7986,8231,8115,7929,7496,7376,7314,7099,6836,6818,7114,6968,6540,6140,5776,5408
7/15/2021,5132,4738,4739,4801,5019,5329,6571,7499,7744,7798,7492,7482,7277,6913,6889,6867,6769,7149,7092,7077,6523,6132,5727,5332
7/16/2021,5120,5113,5036,5093,5456,6096,7391,8285,8573,8359,8196,7908,7468,7001,6940,6902,6786,6738,6904,7032,6548,6139,5778,5417
7/17/2021,5152,5183,4973,4964,5490,6178,7131,8068,8406,8345,8051,7735,7478,7242,7166,7051,6860,6577,7047,7059,6497,5977,5708,5259
7/18/2021,5052,4803,4658,4830,5026,5269,6215,6643,6802,7079,6710,6694,6367,6055,5698,5562,5413,5726,6171,6219,5820,5469,5181,4836
7/19/2021,4526,4387,4422,4385,4606,5208,6468,7251,7386,7689,7573,7464,7477,7022,7002,6916,6633,6384,6762,6912,6454,5856,5591,5233
7/20/2021,5100,4857,4681,4868,5085,5677,6796,7625,7967,7927,7493,7479,7048,6631,6472,6342,6013,5754,6338,6428,6149,5462,5216,4850
7/21/2021,4661,4561,4385,4502,4901,5469,6438,7189,7272,7295,6781,6696,6580,6359,5871,5902,5954,6029,6679,6374,6101,5550,5122,4869
7/22/2021,4632,4456,4441,4452,4636,5371,6435,7323,7663,7903,7183,7155,6863,6570,6520,6427,6170,6229,6852,6852,6359,5642,5376,5039
7/23/2021,4659,4539,4404,4585,4648,5304,6099,7233,7466,7334,7249,7148,7182,6814,6662,6574,6344,6316,6685,6500,6142,5786,5200,4885
7/24/2021,4774,4517,4530,4578,4891,5433,6253,7062,7847,7497,7059,6715,6488,6599,6380,6421,6436,5889,6633,6623,6240,5841,5436,4801
7/25/2021,4836,4762,4638,4685,4957,5331,6196,6546,6463,6577,5949,5995,5664,5233,5145,5189,5238,5309,5596,6027,5862,5485,4980,4610
7/26/2021,4614,4403,4468,4575,4782,5433,6739,7408,7525,7642,7330,7213,6844,6509,6407,6742,6543,6816,7441,7599,7210,6245,5864,5417
7/27/2021,5282,5120,4996,5131,5469,6123,7409,8130,7947,8243,8051,8031,7761,7753,7355,7432,7081,6554,7189,7420,6936,6441,6033,5205
7/28/2021,5692,5337,5146,5444,5784,6391,7472,8612,8787,9029,8869,8445,8186,7797,7826,7729,7329,6786,7273,7450,6868,6530,6166,5927
7/29/2021,5821,5504,5494,5549,6000,6703,7804,9064,9153,9598,9406,9056,8309,8412,7831,7773,7453,6779,7403,7325,7025,6509,6355,5909
7/30/2021,5845,5692,5569,5708,6208,6985,8230,8994,9539,9758,9897,9567,8965,8663,8525,8303,7800,7487,7443,7506,6950,6694,6523,6133
7/31/2021,6010,5860,5830,5925,6293,6797,8303,9349,9349,9901,9714,9643,9071,8871,8415,8166,7669,7128,7401,7403,6957,6597,6459,6108
,,,,,,,,,,,,,,,,,,,,,,,,
8/1/2021,6046,5590,5725,5857,6262,6823,7878,8519,8539,9057,8948,8633,8277,7873,7791,7489,7069,6806,6776,6928,6596,6250,6286,5869
8/2/2021,5745,5331,5413,5682,6253,6819,8308,9413,9834,10443,10147,10157,9744,9455,9344,9154,8679,7963,7800,7995,7527,6979,6838,6125
8/3/2021,6126,6059,6073,6160,6846,7329,8713,9767,10067,10802,10545,10100,9702,9259,9279,9055,8412,7975,8020,7942,7510,7062,7129,6498
8/4/2021,6293,6183,6119,6209,6687,7273,8710,9589,9740,10448,10312,9781,9566,9153,9347,8958,8407,7862,7829,7957,7445,7068,7142,6629
8/5/2021,6588,6320,6295,6204,6831,7386,8799,9427,9816,10726,10641,10107,9047,9559,9525,9300,8498,8105,7690,7534,7318,6996,6719,6487
8/6/2021,6329,6183,5996,6131,6657,7581,8902,9398,10413,10836,10472,10502,9962,9738,9476,9345,8552,8540,8004,7716,7446,6966,7026,6554
8/7/2021,6551,6450,6339,6416,6788,7421,8546,8932,9245,10603,10501,10014,9787,9400,9308,8966,8439,7836,7827,7866,7542,7314,7378,6954
8/8/2021,6215,6186,6110,6195,6464,7289,8118,9320,9392,10202,9967,9450,9265,8848,8630,8216,7529,7092,7247,7165,6882,6550,6676,6389
8/9/2021,6215,6186,6110,6195,6464,7289,9011,9946,9925,10912,10576,10398,10391,10003,10142,9855,9334,8561,8390,8180,7837,7266,7371,6850
8/10/2021,6750,6470,6062,6457,7037,7586,9106,10074,10231,11023,10683,10597,10274,9660,9609,9375,8929,8480,8240,8174,7213,7340,7371,6999
8/11/2021,6834,6501,6425,6595,7192,7987,9428,10545,10564,11371,10680,10550,10298,9916,9480,9708,9114,8606,8192,8049,7884,7330,7456,6928
8/12/2021,6905,6615,6701,6801,7491,8154,9517,10347,10139,11213,11027,10027,9597,9281,9587,9383,8941,8617,7818,7754,7317,6909,6996,6539
8/13/2021,6564,6179,6122,6334,7040,7968,9275,9870,10224,10873,10743,10649,10169,9802,9776,9128,8430,8113,8131,7962,7379,6881,6910,6657
8/14/2021,6725,6492,6305,6264,6956,7647,8745,10022,10149,10675,10254,9931,9783,9584,9367,9065,8392,8113,8241,8139,7608,7157,7096,6855
8/15/2021,6599,6374,6323,6349,7080,7670,8405,8988,9123,9730,9642,9169,9253,8642,8135,8046,7442,7047,7243,6958,6805,6371,6618,6045
8/16/2021,6114,5773,5940,6000,6575,7231,8492,9761,10107,10830,10672,10329,9963,9929,9845,9568,8854,8449,8089,7606,7274,6787,6788,6418
8/17/2021,6458,6492,6344,6344,6894,7273,8493,9554,9893,10137,10075,10016,9509,9302,9065,8859,8546,8212,8298,7748,7106,6784,6412,6094
8/18/2021,6114,5871,5918,6237,6607,7093,8450,9149,9838,10318,10082,9746,9163,9021,8740,8496,8082,7610,7992,7791,7246,6819,6704,6200
8/19/2021,6223,5992,6112,6200,6627,7285,8511,9406,9673,10209,10005,9934,9699,9528,9109,9118,8660,7989,7826,7670,7002,7001,7112,6666
8/20/2021,6273,6065,6364,6478,7204,7797,8736,9839,9938,10522,10230,10318,9931,9470,9138,8732,8112,7564,7917,7711,7067,7109,6990,6659
8/21/2021,6553,6486,6469,6592,7090,7518,8774,9852,10096,10378,10248,10084,9794,9341,9294,8819,8302,7895,7758,7691,7149,6598,6680,6206
8/22/2021,6207,5958,5812,5800,6244,6518,7379,8069,8214,8823,8744,8528,8403,8289,7762,7583,7291,6789,7055,6991,6469,6209,6028,5701
8/23/2021,5564,5241,5381,5555,5881,6537,7688,8746,9135,9520,9212,8940,9264,9097,8892,8885,8517,7966,7851,7523,6981,6575,6620,6091
8/24/2021,5706,5837,5685,5863,6388,6725,8224,9011,8892,8947,8753,9369,9250,8956,9009,8760,8443,8162,8108,8045,7410,6896,6862,6505
8/25/2021,6341,6017,5955,6176,6660,7337,8450,9318,9431,9600,8840,8699,8787,8415,8720,9016,8976,8456,8304,8132,7442,7032,7104,6709
8/26/2021,6591,6365,6296,6416,7008,7644,8729,9724,9999,10390,9983,9737,9839,9528,9239,9153,8747,7954,8185,7699,7289,6871,6624,6456
8/27/2021,6464,6190,6158,6267,6901,7718,8832,9914,10028,10304,10093,9915,9700,9040,9166,8792,8321,7948,8081,7737,7343,6705,6590,6358
8/28/2021,5890,5979,5754,5877,6542,7028,8497,9150,9436,9750,9298,8974,8838,8638,8686,8400,7993,7484,7366,7086,6669,6322,5999,5770
8/29/2021,5453,5231,5439,5436,5716,6192,6853,7451,7835,8043,7404,7597,7421,7225,6793,6681,6558,6328,6804,6605,6304,5680,5613,5248
8/30/2021,5196,4912,4891,4895,5616,6008,7581,8453,8792,8835,8556,8358,8358,7974,7866,7776,7480,7413,7764,7332,6919,6513,6086,5907
8/31/2021,5772,5527,5446,5598,6068,6523,7861,8876,8930,9030,8859,8707,8497,8118,8329,7843,7975,7816,7811,7762,7023,6610,6539,6263
,,,,,,,,,,,,,,,,,,,,,,,,
9/1/2021,6105,5837,5800,5813,6565,7120,8348,9215,9400,9705,9543,9288,9067,8818,8852,8490,7988,8123,7943,7857,7261,6842,6654,6150
9/2/2021,6089,5944,5943,5861,6446,7414,8613,9474,9801,9886,9459,9420,8716,8896,8563,8520,7894,7886,7969,7644,7041,6538,6406,5868
9/3/2021,5745,5687,5545,5734,6004,6711,8040,9080,9338,9480,9154,9186,8968,8534,8464,8045,7774,7576,7728,7401,6871,6401,6375,5689
9/4/2021,5652,5631,5568,5676,6159,6649,7972,8944,9116,9208,8715,8268,8078,7526,7563,7051,6706,6634,7216,6940,6399,6430,6084,5915
9/5/2021,5714,5505,5508,5572,5969,6299,7101,7731,7906,7916,7443,7054,7067,6675,6431,6095,6002,5964,6500,6084,5882,5502,5489,5161
9/6/2021,5034,4944,4892,4784,5285,6050,7164,8271,8467,8456,8099,7870,7915,7665,7470,6966,7142,6986,7364,7034,6641,6108,5818,5560
9/7/2021,5171,5119,4975,5086,5334,6051,7373,8361,8401,8496,8186,7886,7629,7508,7520,7339,6949,6992,7398,7113,6657,6014,5762,5521
9/8/2021,5301,5127,5123,5199,5414,6024,7463,8287,8404,8470,8110,7984,7707,7394,7424,7572,7391,7248,7672,7211,6849,6298,6242,5797
9/9/2021,5778,5447,5298,5456,5942,6571,7837,8858,8847,9341,8878,9013,8563,8289,8511,8506,7938,7549,7694,7593,6958,6700,6582,6165
9/10/2021,6093,5752,5741,5803,6472,7053,8194,8755,8735,8774,8656,8393,8078,7553,7551,7171,6644,6539,6585,6385,6032,5907,5984,5747
9/11/2021,5728,5513,5460,5562,6085,6791,7871,8585,9118,9584,9472,9072,8816,8438,8448,7903,7624,7313,7482,7119,6837,6505,6485,6030
9/12/2021,5965,5664,5617,5721,6160,6801,7469,8287,8524,8838,8692,8243,8283,7744,7647,7313,6982,6674,6859,6717,6381,6150,6175,5750
9/13/2021,5699,5538,5524,5465,6140,6602,8077,9216,9484,9675,9632,9072,8751,8594,8473,8301,7720,7665,7695,7248,6913,6430,6404,6181
9/14/2021,5989,5870,5841,5954,6353,6958,8024,9270,8918,9838,9524,9348,8760,8596,8945,8693,8361,8020,8134,7723,7126,6917,6813,6431
9/15/2021,6538,6305,6253,6419,6817,7558,8152,9242,9276,10103,10041,9780,9353,9311,9265,9273,8625,7896,8015,7748,7427,7245,6988,6636
9/16/2021,6795,6668,6482,6611,7064,7648,8731,9419,9752,10818,10705,10515,10014,9460,9980,9637,9213,8514,8458,8035,7614,7445,7650,7087
9/17/2021,7104,6854,6764,6835,7433,8176,9475,10484,10645,11288,11444,11137,10564,10050,9950,9984,9583,8682,8299,7990,7873,7334,7507,7166
9/18/2021,7169,6774,6975,6921,7788,8387,9624,10204,9842,11723,11305,11104,11227,11157,10446,10474,10425,8686,8900,8291,8040,7811,7986,7777
9/19/2021,7696,7443,7510,7091,7899,8321,9740,10740,10174,11481,10558,10994,10508,10166,10005,9473,8936,8357,8244,7815,7374,7295,7753,7262
9/20/2021,7369,7039,7037,7078,7140,7865,9114,10386,10758,12125,12019,12000,11671,11664,11181,10238,9896,9385,8943,8247,7695,7428,7590,7260
9/21/2021,7097,6974,6842,6716,7381,8100,8978,10180,10526,10923,10832,10706,10276,10009,9918,9773,8835,8463,8386,8030,7325,6933,7201,6952
9/22/2021,6965,6637,6587,6623,7335,7951,8951,10192,10459,10698,10782,10096,10118,9489,9655,9288,9054,8509,8453,8085,7649,7189,7470,7099
9/23/2021,6895,6721,6595,6702,7336,8089,9087,10476,10401,10643,10479,10308,9977,9482,9534,9331,8970,8565,8414,7971,7495,7400,7466,7176
9/24/2021,6997,6783,6689,6625,7433,8038,9414,10052,10548,11283,10962,10805,10708,10418,10102,10140,9573,8419,8537,7820,7802,7482,7948,7285
9/25/2021,7165,6821,6794,6851,7476,8089,8781,9566,9786,10846,10790,10675,10472,10034,9808,9823,9257,8843,8546,8088,7505,7241,7485,6714
9/26/2021,6821,6621,6509,6659,7319,7774,8581,9415,9778,10176,9622,9595,9499,9111,8870,8414,8039,7718,7781,7247,7001,6758,6854,6367
9/27/2021,6295,6179,6034,6185,6850,7612,9106,9788,10114,10731,10587,10269,10104,9674,9595,9231,8647,8237,7889,7674,7023,6723,6710,6341
9/28/2021,6465,6085,6261,6265,6844,7427,8861,9761,9850,10378,9830,9732,9692,9247,9065,8805,8562,8220,8156,7679,7045,6975,6912,6527
9/29/2021,6562,6306,6038,6274,6868,7509,9064,10032,10090,10658,10216,10151,9873,9718,8895,9261,9097,8450,8466,8053,7614,7283,7349,6523
9/30/2021,6735,6404,6565,6660,7512,7989,9386,10299,10464,11029,10911,10494,10493,10038,10181,9823,9399,8852,8441,8095,7766,7371,7420,6881
,,,,,,,,,,,,,,,,,,,,,,,,
10/1/2021,6880,6588,6323,6579,7165,7789,9348,9797,10098,11153,11197,10755,10523,9908,9601,9489,8830,8281,8305,7469,6957,6510,6534,6056
10/2/2021,5926,5714,5557,5664,5927,6584,7343,8195,8270,8420,8413,8379,8388,8366,8123,7778,7291,7110,7308,7099,6770,6530,6276,5839
10/3/2021,5712,5590,5395,5494,5675,6147,6839,7782,7905,8352,8324,8423,8313,7942,7698,7508,6999,6825,7169,7064,6829,6432,6261,6024
10/4/2021,5687,5603,5477,5523,5951,6587,7583,8584,8507,9479,9131,8979,9164,8698,8421,8320,8183,8061,8174,7963,7213,6798,6633,6224
10/5/2021,6157,5895,5766,5931,6000,6781,8044,8908,8978,9194,8988,9137,9091,8861,9080,8274,8216,7904,7923,7641,7250,6717,6728,6247
10/6/2021,6014,5740,5425,5375,5795,5925,6791,7624,8114,8499,8376,8306,8402,7804,7992,8274,8216,7386,7497,7223,6977,6348,6728,6247
10/7/2021,5636,5514,5409,5245,5588,6346,7520,7977,7790,8129,7989,7977,8136,7554,8006,7859,7658,7781,7802,7583,7296,6672,6460,5776
10/8/2021,5770,5501,5282,5580,5862,6378,7560,8308,8279,8615,8196,8276,8058,7716,8021,7722,7463,7326,7825,7515,6958,6499,6243,5841
10/9/2021,5530,5328,5313,5386,5792,6110,7584,8330,8550,8557,8064,8012,7644,7443,7298,7409,7260,7620,7390,7412,7038,6488,5993,5632
10/10/2021,5458,5170,5115,5210,5586,5904,6689,7157,7453,7587,7414,7437,7323,6883,6654,6498,6439,6444,6776,6527,6378,5952,5655,5186
10/11/2021,5317,5452,5328,5356,5805,6489,7193,7895,7949,8369,8262,8087,7915,7643,7547,7478,7207,7405,7689,7225,6895,6346,5773,5529
10/12/2021,5317,5452,5328,5356,5805,6489,7439,8083,8243,8404,8110,7992,7717,7604,7581,7448,7291,7121,7375,6988,6685,6289,5856,5733
10/13/2021,5318,5028,5060,5304,5673,6346,7528,8198,8190,8372,8375,7887,7829,7686,7679,7314,7285,7258,7563,7519,6810,6227,5918,5699
10/14/2021,5049,5113,4976,5135,5761,6243,7593,8009,7982,8286,7905,7781,7524,6903,6859,6644,6572,6446,7144,6748,6294,6091,5753,5428
10/15/2021,5167,4957,4915,5220,5647,5840,7593,8009,7982,8286,7905,7781,7524,6903,6859,6644,6572,6446,7144,6748,6294,6091,5753,5428
10/16/2021,4910,4833,4712,4801,5165,5914,6823,7658,7737,8243,7891,7983,7976,7648,7660,7539,6752,7011,7283,6668,6322,6202,6291,5597
10/17/2021,5393,5391,5268,5639,5702,6368,6923,7521,7424,7941,7914,7711,7590,7206,6888,6675,6454,6578,6746,6660,6232,5882,5761,5411
10/18/2021,5280,5238,4981,5228,5677,6143,7476,8291,8405,8814,8791,8428,8554,8152,8154,8098,7857,7795,7848,7687,7103,6463,6348,6056
10/19/2021,5748,5500,5491,5699,6124,6785,7704,8677,8779,9259,9196,9047,8800,8612,8687,8497,8237,7573,7216,7060,7276,6787,6567,6325
10/20/2021,6302,6131,5981,6035,6529,7245,8372,9313,9194,9675,9693,9669,9368,9074,9131,9105,8196,8076,7966,7627,7193,6539,6659,6097
10/21/2021,6241,5973,5780,5739,6121,7010,8396,9042,9112,9462,9774,9162,9061,9037,9043,8888,8264,8110,8210,7963,7523,6604,6686,6219
10/22/2021,6175,5964,5756,5810,6134,6957,8259,8970,8958,9459,9496,9289,9305,8972,8687,8746,8416,8181,8554,8225,7633,7103,6789,6450
10/23/2021,6349,5819,6000,6058,6499,7428,8206,8601,8683,9077,8922,9185,9066,8554,8751,8377,8024,7893,8301,7548,7148,6779,6516,6091
10/24/2021,5920,5949,5792,5785,6081,6650,6917,7553,7583,7860,7911,7938,7924,7870,7501,7242,7295,7090,7460,7176,6678,6337,6272,5781
10/25/2021,5784,5674,5556,5660,5946,6764,8133,8377,8620,8721,8654,8530,8484,8084,8389,8038,7943,8192,8303,7757,7324,6794,6615,6252
10/26/2021,6197,6047,5779,5892,6068,6837,8040,8547,8611,8814,8733,8541,8697,8281,8442,8249,7941,8290,8412,7925,7285,6710,6528,6126
10/27/2021,5981,5808,5641,5723,6034,6773,8418,8742,8347,8911,8961,8480,8610,8405,8520,8478,8290,8023,8340,7894,7381,6743,6566,6095
10/28/2021,6096,5851,5728,5932,6375,7058,8365,9134,9333,9482,9389,9445,9289,8876,9133,8952,8576,8349,8580,7908,7413,6990,6724,6121
10/29/2021,6008,5974,5892,5940,6475,6884,8580,9398,9342,10020,9798,9621,9414,8976,8876,8724,8351,8321,8236,7776,7111,6545,6328,6151
10/30/2021,5994,5641,5767,5853,6292,6943,8300,8893,9055,9490,9265,9197,8947,8783,8829,8596,8357,8146,7922,7642,7212,6691,6389,6203
10/31/2021,6121,5884,5785,5792,6163,6741,7521,8329,8623,8930,8679,8653,8387,7876,7958,7663,7031,7322,7568,7100,6555,6307,5812,5827
,,,,,,,,,,,,,,,,,,,,,,,,
11/1/2021,5849,5609,5520,5571,6085,6653,7345,8067,8034,8374,8437,8396,8124,7697,7577,7276,6685,7195,7112,6713,6490,5928,5842,5425
11/2/2021,5423,5279,5226,5281,5837,6514,7788,8659,8675,9066,8703,8341,8469,8180,8365,8322,7975,8204,8258,7587,7089,6395,6304,5984
11/3/2021,5978,5550,5376,5528,6003,6529,7825,8375,8902,9354,9176,9122,8991,8582,8613,8272,7695,7967,7669,7426,7223,6661,6678,6243
11/4/2021,6045,5816,5660,5756,6203,7099,8083,8843,9043,9225,8836,8763,8453,8190,7905,7661,7349,7358,7221,6742,6577,6069,6195,5880
11/5/2021,5721,5600,5497,5379,5849,6386,7041,7684,7833,8413,8210,8004,7685,7679,7286,7062,6852,7044,6986,6656,6131,5781,5666,5176
11/6/2021,5275,5070,5075,5155,5513,6133,7254,7943,8006,8228,8097,7985,8006,7727,7829,7679,7542,7820,7845,7342,6901,6363,6227,5826
11/7/2021,5807,5554,5398,5516,5836,6268,7284,7689,7746,8183,8120,7702,7681,7403,7183,6980,6689,7012,6931,6505,6225,5864,5696,5533
11/8/2021,5276,5164,5132,5261,5656,6380,8053,8748,8794,8926,8768,8841,8538,8099,8259,8168,7906,8163,8081,7432,6952,6383,6258,5800
11/9/2021,5609,5567,5314,5402,5940,6630,8067,8528,8966,9089,8866,8350,8364,8194,8155,7966,7854,8245,8050,7456,6848,6429,6168,5850
11/10/2021,5532,5413,5409,5480,5960,6681,7963,9014,9301,9322,8874,8695,8546,8126,8359,8265,7821,8187,8075,7569,7019,6485,6357,5984
11/11/2021,5847,5556,5466,5599,6251,6733,6498,9166,9122,9356,8987,8869,7801,8064,8115,8006,7633,8020,7953,7309,6662,5859,5886,5413
11/12/2021,5092,4958,4855,5134,5488,6124,7720,8757,8747,9085,8953,8690,8539,7910,8062,7995,7319,7843,7915,7314,6852,6188,6056,5418
11/13/2021,5507,5225,5251,5179,5586,6035,7690,8615,8446,8915,8705,8579,8456,8088,8029,7908,7600,7916,7953,7168,6628,6212,6189,5553
11/14/2021,5057,4966,5192,5094,5447,5835,6614,7692,7600,8115,7837,7908,7650,7214,7018,6672,6562,6960,7048,6659,6274,5707,5544,5090
11/15/2021,5096,4829,4635,4808,5162,5955,7642,8409,8371,8415,8026,8170,8202,7864,7799,7508,7588,7880,7990,7460,6755,6225,6018,5633
11/16/2021,5555,5355,5233,5285,5646,6125,7744,8457,8210,8384,8140,7927,7818,7386,7183,6997,7010,7308,7470,6935,6342,5722,5352,5030
11/17/2021,4763,4601,4515,4558,4931,5706,7157,7937,7705,7835,7671,7475,7436,7287,7227,7517,7450,7430,7148,6957,6595,6014,5762,5310
11/18/2021,5125,4977,4991,5028,5287,6004,7217,7746,7732,7665,7470,7334,7355,6951,6963,7171,7296,7303,7558,7322,6812,6109,5700,5275
11/19/2021,5038,4794,4640,4731,4829,5478,6605,7348,7482,7722,7418,7211,6972,6480,6190,6249,6556,7021,7150,6651,6330,5608,5194,4807
11/20/2021,4602,4534,4516,4403,4583,5248,6368,7196,7235,7351,7044,6935,6929,6339,6413,6542,6581,6922,7174,6804,6217,5630,5185,4801
11/21/2021,4501,4245,4371,4350,4394,4909,5847,6362,6491,6444,6239,5949,5833,5697,5559,5621,5749,6131,6423,6040,5866,5385,4874,4727
11/22/2021,4410,4404,4437,4425,4479,5360,6408,7330,7570,7637,7180,7103,6953,6763,6738,6875,6875,7069,7276,6835,6399,5981,5566,5004
11/23/2021,4873,4609,4750,4831,4952,5511,6721,7627,7519,7386,7111,7098,6859,6463,6420,6540,6984,7298,7756,7205,6641,6180,5748,5110
11/24/2021,5103,4878,4691,4915,5276,5855,6887,7615,7222,7071,7146,7059,6702,6474,6400,6269,6191,6743,7220,6836,6297,5634,5210,4985
11/25/2021,4782,4603,4638,4813,5110,5776,6813,7554,7267,7056,6751,6752,6747,6430,6372,6468,6609,7131,7470,7085,6518,5979,5421,4994
11/26/2021,4785,4655,4724,4865,5080,5717,7212,7933,7796,7435,7075,7148,6955,6487,6805,6842,6685,7053,8109,7115,6706,5757,5728,5157
11/27/2021,5066,4723,4870,4738,5028,5593,6797,7564,7295,7197,6919,6822,6512,6576,6409,6311,6533,7229,7417,6942,6424,5732,5411,4915
11/28/2021,4756,4710,4625,4611,4908,4927,6014,6402,6744,6863,6583,6320,6103,5778,5598,5478,5589,6101,6218,5704,5698,5035,4673,4423
11/29/2021,4185,4130,4189,4322,4740,5622,7008,7989,7902,7671,7289,7109,6804,6769,6797,6796,6815,7175,7341,6736,6369,6005,5181,4965
11/30/2021,4731,4601,4535,4479,4845,5495,6993,7928,8015,7611,7382,7286,6931,6644,6735,6749,6846,7209,7429,6837,6370,5714,5332,4906
,,,,,,,,,,,,,,,,,,,,,,,,
12/1/2021,4687,4544,4558,4511,4892,5588,7143,8131,7939,7604,7419,7370,6962,6834,6887,7072,6896,7238,7434,6824,6553,5852,5445,5021
12/2/2021,4772,4667,4620,4391,5180,5708,7206,8234,8080,7950,7691,7548,7259,6986,7104,7061,7020,7261,7713,7281,6630,6139,5380,5315
12/3/2021,5068,5051,4921,4946,5205,6088,7332,8416,8431,8294,8099,7891,7738,7265,7370,7204,6933,7442,7598,6926,6583,6080,5594,5241
12/4/2021,5062,4885,4874,4850,5231,5899,7169,7862,7664,7838,7765,7566,7065,7208,6873,6937,7187,7446,7464,6979,6554,5924,5321,5926
12/5/2021,4890,4706,4413,4472,4861,5283,6315,6702,6928,6950,6705,6849,6585,6307,6172,5890,5693,6227,6765,6208,5803,5526,5092,4711
12/6/2021,4586,4302,4177,4438,4789,5567,7109,7984,7864,7988,7728,7751,7576,7200,7339,7206,7195,7435,7726,7183,6825,5985,5615,5244
12/7/2021,4985,4633,4784,4702,5174,5875,7137,8199,7945,7768,7743,7479,7437,7150,7202,7428,7231,7309,7725,7060,6733,6149,5468,4892
12/8/2021,4854,4418,4423,4432,4637,5297,7376,8275,8072,8050,7808,7680,7476,7183,7290,7350,7185,7466,7914,7147,6740,6113,5603,5065
12/9/2021,4848,4641,4595,4616,5176,5897,7498,8561,8712,8832,8504,8283,8108,7693,7857,7590,7376,7705,7619,7122,6652,6004,5802,5418
12/10/2021,4784,4585,4477,4538,4973,5720,7603,8662,8652,8614,8443,8108,7838,7624,7754,7552,7492,7664,7813,7156,6476,5658,5605,5258
12/11/2021,5101,4913,4878,4779,5174,5852,7711,8282,8355,8554,8292,8060,7856,7942,7797,7711,7410,7454,7405,7085,6474,6021,5673,5264
12/12/2021,4936,4665,4634,4668,5160,5703,6821,7770,7481,7786,7340,7127,6988,6816,6666,6490,6277,6569,6660,6264,5927,5365,5231,4839
12/13/2021,4750,4511,4486,4570,5007,6049,7713,8976,8814,9177,8731,8842,8286,7918,8100,7777,7760,7610,7898,6880,6724,6144,5745,5312
12/14/2021,5175,4942,5014,5026,5432,6119,7880,9025,8790,8918,8497,8528,8695,8399,8198,8091,7948,7982,7836,7230,6826,6032,5695,5408
12/15/2021,5232,5035,5105,5133,5565,6244,8252,9367,9387,9410,8893,8911,8601,8418,8239,8185,7920,8080,7915,7415,6776,6274,5963,5432
12/16/2021,5349,5145,5192,5318,5882,6580,8207,9335,9387,9349,9239,9128,8845,8603,8676,8583,8116,8247,7868,7519,7017,6306,6076,5650
12/17/2021,5420,5328,5135,5383,6035,6740,8381,9369,9629,9932,9592,9405,9244,8899,8954,8630,8372,8219,8029,7428,6765,6168,6021,5456
12/18/2021,5608,5268,5211,5461,6028,6818,8331,9360,9559,10005,9558,9413,8959,8742,8703,8291,8292,8409,8261,7521,6895,6231,5991,5595
12/19/2021,5431,5199,5072,5270,5806,6476,7436,8582,8726,9152,8996,8792,8388,8359,8188,7806,7573,7363,7189,6674,6025,5708,5462,5033
12/20/2021,5213,4944,4866,4955,5525,6593,7952,9347,9360,9547,9241,9754,9819,9458,9141,9134,9065,8584,8218,7534,6994,6317,6171,5759
12/21/2021,5801,5561,5478,5513,6278,7065,8609,9964,9922,10542,10165,10087,9794,9303,9258,9183,8742,8594,8354,7711,7051,6561,6495,5948
12/22/2021,5878,5653,5508,5584,6469,7016,8934,10478,10295,10637,10230,10065,10060,9796,9771,9738,9495,8734,8360,7897,7198,6690,6564,6104
12/23/2021,6042,5736,5708,5825,6646,7548,9169,10545,11000,11276,10991,10499,10181,9823,9978,9638,9123,8833,8476,7728,7144,6715,6561,6102
12/24/2021,6028,5742,5693,5918,6682,7638,9074,10474,10728,11373,10717,10780,9769,9872,9756,9679,9145,8615,8433,7927,6996,6711,6542,6179
12/25/2021,6123,5878,5655,6099,6646,7277,8401,9745,10413,10900,11045,10806,10683,10131,10008,9769,9183,8804,8445,7399,6876,6478,6604,6014
12/26/2021,6003,5910,5768,6019,6617,7205,7905,9316,9454,10245,10311,10122,9747,9391,9326,8868,8381,7897,7663,7127,6519,6105,6068,5702
12/27/2021,5639,5494,5408,5651,6299,7140,8533,9991,10270,11131,10799,10751,10574,10112,10349,10148,9533,9061,8346,7746,7163,6570,6553,6209
12/28/2021,6197,5879,5815,6040,6924,7816,9093,10445,10729,11310,10837,10714,10325,9982,10074,9864,9469,8998,8833,7977,7265,6704,6762,6191
12/29/2021,6222,6140,6012,6229,6949,8058,8896,10461,10876,11536,11054,10955,10666,10513,10374,9838,9732,8900,8628,7452,7294,6646,6688,6252
12/30/2021,6151,5992,5965,6377,7023,7826,9464,10900,10729,11750,11231,11230,10729,10380,10248,10152,9131,9035,8701,7971,7300,6697,6975,6184
12/31/2021,6187,5836,6009,6200,7052,7867,9304,11080,11499,11910,11257,10899,10930,10239,10288,9850,9205,9143,8082,7371,7033,6484,6613,6192
,,,,,,,,,,,,,,,,,,,,,,,,
,,,,,,,,,,,,,,,,,,,,,,,,
